lookout	filter_ignore_1	per_question	380	ns
lookout	filter_ignore_1	budget	1500	ns
lookout	filter_ignore_1	within_budget	1	bool
lookout	filter_ignore_20	per_question	473	ns
lookout	filter_ignore_20	budget	1500	ns
lookout	filter_ignore_20	within_budget	1	bool
lookout	filter_only_3	per_question	340	ns
lookout	filter_only_3	budget	1500	ns
lookout	filter_only_3	within_budget	1	bool
lookout	filter_ignore_20_only_3	per_question	499	ns
lookout	filter_ignore_20_only_3	budget	1500	ns
lookout	filter_ignore_20_only_3	within_budget	1	bool
then_delete_fsevents	within_budget	1	bool
lookout	rename_then_delete_kqueue	elapsed	51	ms
lookout	rename_then_delete_kqueue	budget	2500	ms
lookout	rename_then_delete_kqueue	within_budget	1	bool
lookout	rename_then_delete_poll	elapsed	53	ms
lookout	rename_then_delete_poll	budget	2500	ms
lookout	rename_then_delete_poll	within_budget	1	bool
lookout	cancel_before_poll_fsevents	elapsed	55	ms
lookout	cancel_before_poll_fsevents	budget	2500	ms
lookout	cancel_before_poll_fsevents	within_budget	1	bool
lookout	cancel_before_poll_kqueue	elapsed	51	ms
lookout	cancel_before_poll_kqueue	budget	2500	ms
lookout	cancel_before_poll_kqueue	within_budget	1	bool
lookout	cancel_before_poll_poll	elapsed	53	ms
lookout	cancel_before_poll_poll	budget	2500	ms
lookout	cancel_before_poll_poll	within_budget	1	bool
lookout	wake_fsevents	elapsed	105	ms
lookout	wake_fsevents	budget	5000	ms
lookout	wake_fsevents	within_budget	1	bool
lookout	wake_kqueue	elapsed	100	ms
lookout	wake_kqueue	budget	5000	ms
lookout	wake_kqueue	within_budget	1	bool
lookout	wake_poll	elapsed	113	ms
lookout	wake_poll	budget	5000	ms
lookout	wake_poll	within_budget	1	bool
lookout	stop_by_flag_fsevents	elapsed	0	ms
lookout	stop_by_flag_fsevents	budget	5000	ms
lookout	stop_by_flag_fsevents	within_budget	1	bool
lookout	stop_by_flag_kqueue	elapsed	0	ms
lookout	stop_by_flag_kqueue	budget	5000	ms
lookout	stop_by_flag_kqueue	within_budget	1	bool
lookout	stop_by_flag_poll	elapsed	0	ms
lookout	stop_by_flag_poll	budget	5000	ms
lookout	stop_by_flag_poll	within_budget	1	bool
