# ReleaseFast original lookout filter, baseline 24d0986362a0ff5e968338531a6abad0cd8b10d0
# Darwin-25.2.0-arm64-arm-64bit-Mach-O 2026-10-08T17:02:46.193986+00:00
# run 1
lookout	filter_ignore_1	per_question	379	ns
lookout	filter_ignore_1	budget	1500	ns
lookout	filter_ignore_1	within_budget	1	bool
lookout	filter_ignore_20	per_question	471	ns
lookout	filter_ignore_20	budget	1500	ns
lookout	filter_ignore_20	within_budget	1	bool
lookout	filter_only_3	per_question	342	ns
lookout	filter_only_3	budget	1500	ns
lookout	filter_only_3	within_budget	1	bool
lookout	filter_ignore_20_only_3	per_question	508	ns
lookout	filter_ignore_20_only_3	budget	1500	ns
lookout	filter_ignore_20_only_3	within_budget	1	bool
# run 2
lookout	filter_ignore_1	per_question	381	ns
lookout	filter_ignore_1	budget	1500	ns
lookout	filter_ignore_1	within_budget	1	bool
lookout	filter_ignore_20	per_question	475	ns
lookout	filter_ignore_20	budget	1500	ns
lookout	filter_ignore_20	within_budget	1	bool
lookout	filter_only_3	per_question	341	ns
lookout	filter_only_3	budget	1500	ns
lookout	filter_only_3	within_budget	1	bool
lookout	filter_ignore_20_only_3	per_question	509	ns
lookout	filter_ignore_20_only_3	budget	1500	ns
lookout	filter_ignore_20_only_3	within_budget	1	bool
# run 3
lookout	filter_ignore_1	per_question	383	ns
lookout	filter_ignore_1	budget	1500	ns
lookout	filter_ignore_1	within_budget	1	bool
lookout	filter_ignore_20	per_question	476	ns
lookout	filter_ignore_20	budget	1500	ns
lookout	filter_ignore_20	within_budget	1	bool
lookout	filter_only_3	per_question	343	ns
lookout	filter_only_3	budget	1500	ns
lookout	filter_only_3	within_budget	1	bool
lookout	filter_ignore_20_only_3	per_question	508	ns
lookout	filter_ignore_20_only_3	budget	1500	ns
lookout	filter_ignore_20_only_3	within_budget	1	bool
# run 4
lookout	filter_ignore_1	per_question	379	ns
lookout	filter_ignore_1	budget	1500	ns
lookout	filter_ignore_1	within_budget	1	bool
lookout	filter_ignore_20	per_question	475	ns
lookout	filter_ignore_20	budget	1500	ns
lookout	filter_ignore_20	within_budget	1	bool
lookout	filter_only_3	per_question	344	ns
lookout	filter_only_3	budget	1500	ns
lookout	filter_only_3	within_budget	1	bool
lookout	filter_ignore_20_only_3	per_question	515	ns
lookout	filter_ignore_20_only_3	budget	1500	ns
lookout	filter_ignore_20_only_3	within_budget	1	bool
# run 5
lookout	filter_ignore_1	per_question	377	ns
lookout	filter_ignore_1	budget	1500	ns
lookout	filter_ignore_1	within_budget	1	bool
lookout	filter_ignore_20	per_question	478	ns
lookout	filter_ignore_20	budget	1500	ns
lookout	filter_ignore_20	within_budget	1	bool
lookout	filter_only_3	per_question	345	ns
lookout	filter_only_3	budget	1500	ns
lookout	filter_only_3	within_budget	1	bool
lookout	filter_ignore_20_only_3	per_question	510	ns
lookout	filter_ignore_20_only_3	budget	1500	ns
lookout	filter_ignore_20_only_3	within_budget	1	bool
# run 6
lookout	filter_ignore_1	per_question	371	ns
lookout	filter_ignore_1	budget	1500	ns
lookout	filter_ignore_1	within_budget	1	bool
lookout	filter_ignore_20	per_question	480	ns
lookout	filter_ignore_20	budget	1500	ns
lookout	filter_ignore_20	within_budget	1	bool
lookout	filter_only_3	per_question	345	ns
lookout	filter_only_3	budget	1500	ns
lookout	filter_only_3	within_budget	1	bool
lookout	filter_ignore_20_only_3	per_question	513	ns
lookout	filter_ignore_20_only_3	budget	1500	ns
lookout	filter_ignore_20_only_3	within_budget	1	bool
# run 7
lookout	filter_ignore_1	per_question	387	ns
lookout	filter_ignore_1	budget	1500	ns
lookout	filter_ignore_1	within_budget	1	bool
lookout	filter_ignore_20	per_question	477	ns
lookout	filter_ignore_20	budget	1500	ns
lookout	filter_ignore_20	within_budget	1	bool
lookout	filter_only_3	per_question	345	ns
lookout	filter_only_3	budget	1500	ns
lookout	filter_only_3	within_budget	1	bool
lookout	filter_ignore_20_only_3	per_question	516	ns
lookout	filter_ignore_20_only_3	budget	1500	ns
lookout	filter_ignore_20_only_3	within_budget	1	bool
